[
    {
        "840158550495723530": {
            "paylasilan": 70,
            "silinen": 22
        },
        "957676360556503090": {
            "paylasilan": 1
        },
        "743456240037789726": {
            "paylasilan": 3
        },
        "893771457971236885": {
            "paylasilan": 4
        },
        "948970965939912725": {
            "paylasilan": 5
        },
        "996468840877797408": {
            "silinen": 27,
            "paylasilan": 103
        },
        "1069919346085859369": {
            "paylasilan": 3
        },
        "847743717062082570": {
            "paylasilan": 6
        },
        "924049205272649799": {
            "paylasilan": 1
        },
        "1012369640342704188": {
            "paylasilan": 1
        },
        "1061392789323141180": {
            "paylasilan": 3
        },
        "1057291898357817376": {
            "paylasilan": 1
        },
        "1000009029306814514": {
            "silinen": 1,
            "paylasilan": 1
        },
        "1091010132567146626": {
            "paylasilan": 28,
            "silinen": 11
        }
    }
]