[
    {
        "kodlar": {
            "Iı": {
                "isim": "Iı",
                "id": "C18Dayq6TYLbWWNqepaa",
                "desc": "Iı",
                "modules": [
                    "77"
                ],
                "icon": "https://cdn.discordapp.com/avatars/1091010132567146626/3bf17853edce09d4b4f719c036e7bffb.png",
                "main_code": "I",
                "komutlar_code": "Iı",
                "kod_rank": "script",
                "k_adi": "l2vy",
                "date": "7/23/2024"
            }
        }
    }
]