[
    {
        "kodlar": {
            "Ju": {
                "isim": "Ju",
                "id": "2OV1F7w8U5qH0iJgwukj",
                "desc": "I",
                "modules": [
                    "Iı"
                ],
                "icon": "https://cdn.discordapp.com/avatars/1091010132567146626/3bf17853edce09d4b4f719c036e7bffb.png",
                "main_code": "Uu",
                "komutlar_code": "Hh",
                "kod_rank": "topluluk",
                "k_adi": "l2vy",
                "date": "7/23/2024"
            },
            "Hhh": {
                "isim": "Hhh",
                "id": "84xxR5OoC2BOiRGvxtzD",
                "desc": "Tt",
                "modules": [
                    "Tr"
                ],
                "icon": "https://cdn.discordapp.com/avatars/1091010132567146626/3bf17853edce09d4b4f719c036e7bffb.png",
                "main_code": "Rf",
                "komutlar_code": "Fc",
                "kod_rank": "topluluk",
                "k_adi": "l2vy",
                "date": "7/24/2024"
            }
        }
    }
]